<annotation>
	<folder>images</folder>
	<filename>frame123.jpg</filename>
	<path>C:\tensorflow1\models\research\object_detection\images\train\images\frame123.jpg</path>
	<source>
		<database>Unknown</database>
	</source>
	<size>
		<width>640</width>
		<height>480</height>
		<depth>3</depth>
	</size>
	<segmented>0</segmented>
	<object>
		<name>non_attentive</name>
		<pose>Unspecified</pose>
		<truncated>0</truncated>
		<difficult>0</difficult>
		<bndbox>
			<xmin>93</xmin>
			<ymin>159</ymin>
			<xmax>144</xmax>
			<ymax>214</ymax>
		</bndbox>
	</object>
	<object>
		<name>non_attentive</name>
		<pose>Unspecified</pose>
		<truncated>0</truncated>
		<difficult>0</difficult>
		<bndbox>
			<xmin>180</xmin>
			<ymin>146</ymin>
			<xmax>210</xmax>
			<ymax>187</ymax>
		</bndbox>
	</object>
	<object>
		<name>non_attentive</name>
		<pose>Unspecified</pose>
		<truncated>0</truncated>
		<difficult>0</difficult>
		<bndbox>
			<xmin>218</xmin>
			<ymin>119</ymin>
			<xmax>242</xmax>
			<ymax>153</ymax>
		</bndbox>
	</object>
	<object>
		<name>non_attentive</name>
		<pose>Unspecified</pose>
		<truncated>0</truncated>
		<difficult>0</difficult>
		<bndbox>
			<xmin>270</xmin>
			<ymin>127</ymin>
			<xmax>291</xmax>
			<ymax>159</ymax>
		</bndbox>
	</object>
	<object>
		<name>non_attentive</name>
		<pose>Unspecified</pose>
		<truncated>0</truncated>
		<difficult>0</difficult>
		<bndbox>
			<xmin>323</xmin>
			<ymin>147</ymin>
			<xmax>352</xmax>
			<ymax>170</ymax>
		</bndbox>
	</object>
	<object>
		<name>non_attentive</name>
		<pose>Unspecified</pose>
		<truncated>0</truncated>
		<difficult>0</difficult>
		<bndbox>
			<xmin>337</xmin>
			<ymin>165</ymin>
			<xmax>362</xmax>
			<ymax>200</ymax>
		</bndbox>
	</object>
	<object>
		<name>non_attentive</name>
		<pose>Unspecified</pose>
		<truncated>0</truncated>
		<difficult>0</difficult>
		<bndbox>
			<xmin>377</xmin>
			<ymin>142</ymin>
			<xmax>398</xmax>
			<ymax>175</ymax>
		</bndbox>
	</object>
	<object>
		<name>non_attentive</name>
		<pose>Unspecified</pose>
		<truncated>0</truncated>
		<difficult>0</difficult>
		<bndbox>
			<xmin>413</xmin>
			<ymin>168</ymin>
			<xmax>443</xmax>
			<ymax>206</ymax>
		</bndbox>
	</object>
	<object>
		<name>non_attentive</name>
		<pose>Unspecified</pose>
		<truncated>0</truncated>
		<difficult>0</difficult>
		<bndbox>
			<xmin>331</xmin>
			<ymin>197</ymin>
			<xmax>368</xmax>
			<ymax>248</ymax>
		</bndbox>
	</object>
	<object>
		<name>non_attentive</name>
		<pose>Unspecified</pose>
		<truncated>0</truncated>
		<difficult>0</difficult>
		<bndbox>
			<xmin>473</xmin>
			<ymin>226</ymin>
			<xmax>524</xmax>
			<ymax>280</ymax>
		</bndbox>
	</object>
</annotation>
