<annotation>
	<folder>images</folder>
	<filename>frame100.jpg</filename>
	<path>C:\tensorflow1\models\research\object_detection\images\train\images\frame100.jpg</path>
	<source>
		<database>Unknown</database>
	</source>
	<size>
		<width>640</width>
		<height>480</height>
		<depth>3</depth>
	</size>
	<segmented>0</segmented>
	<object>
		<name>non_attentive</name>
		<pose>Unspecified</pose>
		<truncated>0</truncated>
		<difficult>0</difficult>
		<bndbox>
			<xmin>139</xmin>
			<ymin>161</ymin>
			<xmax>176</xmax>
			<ymax>215</ymax>
		</bndbox>
	</object>
	<object>
		<name>non_attentive</name>
		<pose>Unspecified</pose>
		<truncated>0</truncated>
		<difficult>0</difficult>
		<bndbox>
			<xmin>242</xmin>
			<ymin>148</ymin>
			<xmax>271</xmax>
			<ymax>188</ymax>
		</bndbox>
	</object>
	<object>
		<name>attentive</name>
		<pose>Unspecified</pose>
		<truncated>0</truncated>
		<difficult>0</difficult>
		<bndbox>
			<xmin>217</xmin>
			<ymin>123</ymin>
			<xmax>241</xmax>
			<ymax>157</ymax>
		</bndbox>
	</object>
	<object>
		<name>attentive</name>
		<pose>Unspecified</pose>
		<truncated>0</truncated>
		<difficult>0</difficult>
		<bndbox>
			<xmin>268</xmin>
			<ymin>126</ymin>
			<xmax>293</xmax>
			<ymax>156</ymax>
		</bndbox>
	</object>
	<object>
		<name>attentive</name>
		<pose>Unspecified</pose>
		<truncated>0</truncated>
		<difficult>0</difficult>
		<bndbox>
			<xmin>309</xmin>
			<ymin>136</ymin>
			<xmax>331</xmax>
			<ymax>167</ymax>
		</bndbox>
	</object>
	<object>
		<name>non_attentive</name>
		<pose>Unspecified</pose>
		<truncated>0</truncated>
		<difficult>0</difficult>
		<bndbox>
			<xmin>327</xmin>
			<ymin>151</ymin>
			<xmax>352</xmax>
			<ymax>189</ymax>
		</bndbox>
	</object>
	<object>
		<name>attentive</name>
		<pose>Unspecified</pose>
		<truncated>0</truncated>
		<difficult>0</difficult>
		<bndbox>
			<xmin>382</xmin>
			<ymin>134</ymin>
			<xmax>402</xmax>
			<ymax>166</ymax>
		</bndbox>
	</object>
	<object>
		<name>attentive</name>
		<pose>Unspecified</pose>
		<truncated>0</truncated>
		<difficult>0</difficult>
		<bndbox>
			<xmin>415</xmin>
			<ymin>161</ymin>
			<xmax>445</xmax>
			<ymax>199</ymax>
		</bndbox>
	</object>
	<object>
		<name>non_attentive</name>
		<pose>Unspecified</pose>
		<truncated>0</truncated>
		<difficult>0</difficult>
		<bndbox>
			<xmin>330</xmin>
			<ymin>183</ymin>
			<xmax>367</xmax>
			<ymax>234</ymax>
		</bndbox>
	</object>
	<object>
		<name>attentive</name>
		<pose>Unspecified</pose>
		<truncated>0</truncated>
		<difficult>0</difficult>
		<bndbox>
			<xmin>449</xmin>
			<ymin>196</ymin>
			<xmax>486</xmax>
			<ymax>246</ymax>
		</bndbox>
	</object>
</annotation>
