<annotation>
	<folder>images</folder>
	<filename>frame222.jpg</filename>
	<path>C:\tensorflow1\models\research\object_detection\images\train\images\frame222.jpg</path>
	<source>
		<database>Unknown</database>
	</source>
	<size>
		<width>640</width>
		<height>480</height>
		<depth>3</depth>
	</size>
	<segmented>0</segmented>
	<object>
		<name>attentive</name>
		<pose>Unspecified</pose>
		<truncated>0</truncated>
		<difficult>0</difficult>
		<bndbox>
			<xmin>153</xmin>
			<ymin>159</ymin>
			<xmax>188</xmax>
			<ymax>204</ymax>
		</bndbox>
	</object>
	<object>
		<name>attentive</name>
		<pose>Unspecified</pose>
		<truncated>0</truncated>
		<difficult>0</difficult>
		<bndbox>
			<xmin>242</xmin>
			<ymin>154</ymin>
			<xmax>268</xmax>
			<ymax>187</ymax>
		</bndbox>
	</object>
	<object>
		<name>non_attentive</name>
		<pose>Unspecified</pose>
		<truncated>0</truncated>
		<difficult>0</difficult>
		<bndbox>
			<xmin>218</xmin>
			<ymin>124</ymin>
			<xmax>239</xmax>
			<ymax>153</ymax>
		</bndbox>
	</object>
	<object>
		<name>attentive</name>
		<pose>Unspecified</pose>
		<truncated>0</truncated>
		<difficult>0</difficult>
		<bndbox>
			<xmin>273</xmin>
			<ymin>128</ymin>
			<xmax>291</xmax>
			<ymax>152</ymax>
		</bndbox>
	</object>
	<object>
		<name>attentive</name>
		<pose>Unspecified</pose>
		<truncated>0</truncated>
		<difficult>0</difficult>
		<bndbox>
			<xmin>309</xmin>
			<ymin>138</ymin>
			<xmax>331</xmax>
			<ymax>164</ymax>
		</bndbox>
	</object>
	<object>
		<name>attentive</name>
		<pose>Unspecified</pose>
		<truncated>0</truncated>
		<difficult>0</difficult>
		<bndbox>
			<xmin>330</xmin>
			<ymin>150</ymin>
			<xmax>351</xmax>
			<ymax>180</ymax>
		</bndbox>
	</object>
	<object>
		<name>attentive</name>
		<pose>Unspecified</pose>
		<truncated>0</truncated>
		<difficult>0</difficult>
		<bndbox>
			<xmin>388</xmin>
			<ymin>138</ymin>
			<xmax>409</xmax>
			<ymax>164</ymax>
		</bndbox>
	</object>
	<object>
		<name>attentive</name>
		<pose>Unspecified</pose>
		<truncated>0</truncated>
		<difficult>0</difficult>
		<bndbox>
			<xmin>432</xmin>
			<ymin>167</ymin>
			<xmax>462</xmax>
			<ymax>204</ymax>
		</bndbox>
	</object>
	<object>
		<name>attentive</name>
		<pose>Unspecified</pose>
		<truncated>0</truncated>
		<difficult>0</difficult>
		<bndbox>
			<xmin>335</xmin>
			<ymin>181</ymin>
			<xmax>367</xmax>
			<ymax>226</ymax>
		</bndbox>
	</object>
	<object>
		<name>attentive</name>
		<pose>Unspecified</pose>
		<truncated>0</truncated>
		<difficult>0</difficult>
		<bndbox>
			<xmin>456</xmin>
			<ymin>196</ymin>
			<xmax>493</xmax>
			<ymax>241</ymax>
		</bndbox>
	</object>
</annotation>
