<annotation>
	<folder>images</folder>
	<filename>frame53.jpg</filename>
	<path>C:\tensorflow1\models\research\object_detection\images\train\images\frame53.jpg</path>
	<source>
		<database>Unknown</database>
	</source>
	<size>
		<width>640</width>
		<height>480</height>
		<depth>3</depth>
	</size>
	<segmented>0</segmented>
	<object>
		<name>non_attentive</name>
		<pose>Unspecified</pose>
		<truncated>0</truncated>
		<difficult>0</difficult>
		<bndbox>
			<xmin>145</xmin>
			<ymin>160</ymin>
			<xmax>182</xmax>
			<ymax>214</ymax>
		</bndbox>
	</object>
	<object>
		<name>attentive</name>
		<pose>Unspecified</pose>
		<truncated>0</truncated>
		<difficult>0</difficult>
		<bndbox>
			<xmin>241</xmin>
			<ymin>149</ymin>
			<xmax>271</xmax>
			<ymax>188</ymax>
		</bndbox>
	</object>
	<object>
		<name>attentive</name>
		<pose>Unspecified</pose>
		<truncated>0</truncated>
		<difficult>0</difficult>
		<bndbox>
			<xmin>209</xmin>
			<ymin>126</ymin>
			<xmax>233</xmax>
			<ymax>160</ymax>
		</bndbox>
	</object>
	<object>
		<name>attentive</name>
		<pose>Unspecified</pose>
		<truncated>0</truncated>
		<difficult>0</difficult>
		<bndbox>
			<xmin>270</xmin>
			<ymin>127</ymin>
			<xmax>291</xmax>
			<ymax>159</ymax>
		</bndbox>
	</object>
	<object>
		<name>attentive</name>
		<pose>Unspecified</pose>
		<truncated>0</truncated>
		<difficult>0</difficult>
		<bndbox>
			<xmin>308</xmin>
			<ymin>141</ymin>
			<xmax>332</xmax>
			<ymax>172</ymax>
		</bndbox>
	</object>
	<object>
		<name>attentive</name>
		<pose>Unspecified</pose>
		<truncated>0</truncated>
		<difficult>0</difficult>
		<bndbox>
			<xmin>328</xmin>
			<ymin>151</ymin>
			<xmax>352</xmax>
			<ymax>190</ymax>
		</bndbox>
	</object>
	<object>
		<name>attentive</name>
		<pose>Unspecified</pose>
		<truncated>0</truncated>
		<difficult>0</difficult>
		<bndbox>
			<xmin>381</xmin>
			<ymin>139</ymin>
			<xmax>401</xmax>
			<ymax>171</ymax>
		</bndbox>
	</object>
	<object>
		<name>attentive</name>
		<pose>Unspecified</pose>
		<truncated>0</truncated>
		<difficult>0</difficult>
		<bndbox>
			<xmin>419</xmin>
			<ymin>162</ymin>
			<xmax>452</xmax>
			<ymax>204</ymax>
		</bndbox>
	</object>
	<object>
		<name>non_attentive</name>
		<pose>Unspecified</pose>
		<truncated>0</truncated>
		<difficult>0</difficult>
		<bndbox>
			<xmin>332</xmin>
			<ymin>184</ymin>
			<xmax>369</xmax>
			<ymax>235</ymax>
		</bndbox>
	</object>
	<object>
		<name>non_attentive</name>
		<pose>Unspecified</pose>
		<truncated>0</truncated>
		<difficult>0</difficult>
		<bndbox>
			<xmin>462</xmin>
			<ymin>199</ymin>
			<xmax>503</xmax>
			<ymax>252</ymax>
		</bndbox>
	</object>
</annotation>
