<annotation>
	<folder>images</folder>
	<filename>frame197.jpg</filename>
	<path>C:\tensorflow1\models\research\object_detection\images\train\images\frame197.jpg</path>
	<source>
		<database>Unknown</database>
	</source>
	<size>
		<width>640</width>
		<height>480</height>
		<depth>3</depth>
	</size>
	<segmented>0</segmented>
	<object>
		<name>attentive</name>
		<pose>Unspecified</pose>
		<truncated>0</truncated>
		<difficult>0</difficult>
		<bndbox>
			<xmin>141</xmin>
			<ymin>162</ymin>
			<xmax>179</xmax>
			<ymax>209</ymax>
		</bndbox>
	</object>
	<object>
		<name>attentive</name>
		<pose>Unspecified</pose>
		<truncated>0</truncated>
		<difficult>0</difficult>
		<bndbox>
			<xmin>243</xmin>
			<ymin>153</ymin>
			<xmax>270</xmax>
			<ymax>189</ymax>
		</bndbox>
	</object>
	<object>
		<name>attentive</name>
		<pose>Unspecified</pose>
		<truncated>0</truncated>
		<difficult>0</difficult>
		<bndbox>
			<xmin>215</xmin>
			<ymin>121</ymin>
			<xmax>235</xmax>
			<ymax>150</ymax>
		</bndbox>
	</object>
	<object>
		<name>attentive</name>
		<pose>Unspecified</pose>
		<truncated>0</truncated>
		<difficult>0</difficult>
		<bndbox>
			<xmin>275</xmin>
			<ymin>128</ymin>
			<xmax>296</xmax>
			<ymax>158</ymax>
		</bndbox>
	</object>
	<object>
		<name>attentive</name>
		<pose>Unspecified</pose>
		<truncated>0</truncated>
		<difficult>0</difficult>
		<bndbox>
			<xmin>310</xmin>
			<ymin>139</ymin>
			<xmax>333</xmax>
			<ymax>164</ymax>
		</bndbox>
	</object>
	<object>
		<name>attentive</name>
		<pose>Unspecified</pose>
		<truncated>0</truncated>
		<difficult>0</difficult>
		<bndbox>
			<xmin>329</xmin>
			<ymin>149</ymin>
			<xmax>353</xmax>
			<ymax>181</ymax>
		</bndbox>
	</object>
	<object>
		<name>attentive</name>
		<pose>Unspecified</pose>
		<truncated>0</truncated>
		<difficult>0</difficult>
		<bndbox>
			<xmin>389</xmin>
			<ymin>140</ymin>
			<xmax>410</xmax>
			<ymax>168</ymax>
		</bndbox>
	</object>
	<object>
		<name>attentive</name>
		<pose>Unspecified</pose>
		<truncated>0</truncated>
		<difficult>0</difficult>
		<bndbox>
			<xmin>393</xmin>
			<ymin>164</ymin>
			<xmax>421</xmax>
			<ymax>197</ymax>
		</bndbox>
	</object>
	<object>
		<name>attentive</name>
		<pose>Unspecified</pose>
		<truncated>0</truncated>
		<difficult>0</difficult>
		<bndbox>
			<xmin>347</xmin>
			<ymin>179</ymin>
			<xmax>385</xmax>
			<ymax>226</ymax>
		</bndbox>
	</object>
	<object>
		<name>attentive</name>
		<pose>Unspecified</pose>
		<truncated>0</truncated>
		<difficult>0</difficult>
		<bndbox>
			<xmin>477</xmin>
			<ymin>202</ymin>
			<xmax>516</xmax>
			<ymax>250</ymax>
		</bndbox>
	</object>
</annotation>
